<?xml version="1.0" encoding="UTF-8"?>
<hechos_historicos>
    <hecho>
        <descripcion>IBM da a conocer el PC</descripcion>
        <fecha>
            <dia>12</dia>
            <mes>8</mes>
            <año>1981</año>
        </fecha>
    </hecho>
    <hecho>
        <descripcion>Se funda Google</descripcion>
        <fecha>
            <dia>4</dia>
            <mes>9</mes>
            <año>1998</año>
        </fecha>
    </hecho>
    <hecho>
        <descripcion>Se funda Facebook</descripcion>
        <fecha>
            <dia>4</dia>
            <mes>2</mes>
            <año>2004</año>
        </fecha>
    </hecho>
</hechos_historicos>