<?xml version="1.0" encoding="UTF-8"?>
<vehicuos>
    <motos xmlns="vehiculo/moto">
        <moto>
            <numero_de_bastidor>Z7801123</numero_de_bastidor>
            <marca>Yamaha</marca>
            <modelo>MT-03</modelo>
            <motor>
                <cilindrada>600cc</cilindrada>
                <potencia>90cv</potencia>
                <numero_de_cilindros>1</numero_de_cilindros>
            </motor>
            <tipo>Naked</tipo>
            <precio>
                <al_contado>7200euros</al_contado>
                <financiando>6600euros</financiando>
            </precio>
            <combustible>
                <electrizidad>NO</electrizidad>
                <gasolina>SI</gasolina>
            </combustible>
        </moto>
        <moto>
            <numero_de_bastidor>ZM34621</numero_de_bastidor>
            <marca>Ducatti</marca>
            <modelo>Monster</modelo>
            <motor>
                <cilindrada>660cc</cilindrada>
                <potencia>100cv</potencia>
                <numero_de_cilindros>2</numero_de_cilindros>
            </motor>
            <tipo>Naked</tipo>
            <precio>
                <al_contado>8100euros</al_contado>
                <financiando>7300euros</financiando>
            </precio>
            <combustible>
                <electrizidad>NO</electrizidad>
                <gasolina>SI</gasolina>
            </combustible>
        </moto>
    </motos>
    <coches xmlns="vehiculo/coche">
        <coche>
            <numero_de_bastidor>G7342355</numero_de_bastidor>
            <marca>KIA</marca>
            <modelo>E-NIRO</modelo>
            <motor>
                <cilindrada>1500cc</cilindrada>
                <potencia>200cv</potencia>
            </motor>
            <tipo>SUV mediano</tipo>
            <precio>
                <al_contado>41000euros</al_contado>
                <financiando>38000euros</financiando>
            </precio>
            <combustible>
                <electricidad>SI</electricidad>
                <gasolina>NO</gasolina>
                <gasoil>NO</gasoil>
            </combustible>
            <extras>
                <control_crucero>SI</control_crucero>
                <camara_aparcamiento>NO</camara_aparcamiento>
                <luces_LED>SI</luces_LED>
            </extras>
            <subvencionado>SI</subvencionado>
            <maletero>400litros</maletero>
            <ruedas>17 pulgadas</ruedas>
        </coche>
        <coche>
            <numero_de_bastidor>G0099123</numero_de_bastidor>
            <marca>Audi</marca>
            <modelo>A3</modelo>
            <motor>
                <cilindrada>1400cc</cilindrada>
                <potencia>90cv</potencia>
            </motor>
            <tipo>Compacto</tipo>
            <precio>
                <al_contado>29000euros</al_contado>
                <financiando>27600euros</financiando>
            </precio>
            <combustible>
                <electricidad>NO</electricidad>
                <gasolina>SI</gasolina>
                <gasoil>SI</gasoil>
            </combustible>
            <extras>
                <control_crucero>SI</control_crucero>
                <camara_aparcamiento>SI</camara_aparcamiento>
                <luces_LED>SI</luces_LED>
            </extras>
            <subvencionado>NO</subvencionado>
            <maletero>250litros</maletero>
            <ruedas>16 pulgadas</ruedas>
        </coche>
        <coche>
            <numero_de_bastidor>Y5340931</numero_de_bastidor>
            <marca>Citroen</marca>
            <modelo>C4</modelo>
            <motor>
                <cilindrada>1800cc</cilindrada>
                <potencia>120cv</potencia>
            </motor>
            <tipo>Monovolumen</tipo>
            <precio>
                <al_contado>25000euros</al_contado>
                <financiando>23000euros</financiando>
            </precio>
            <combustible>
                <electricidad>NO</electricidad>
                <gasolina>NO</gasolina>
                <gasoil>SI</gasoil>
            </combustible>
            <extras>
                <control_crucero>SI</control_crucero>
                <camara_aparcamiento>NO</camara_aparcamiento>
                <luces_LED>SI</luces_LED>
            </extras>
            <subvencionado>NO</subvencionado>
            <maletero>600litros</maletero>
            <ruedas>17 pulgadas</ruedas>
        </coche>
    </coches>
</vehicuos>