<restaurante>
    <tragajadores xmlns="restaurante/trabajadores">
        <trabajador>
            <nombre_completo>
                <nombre>Francisco</nombre>
                <primer_apellido>Gómez</primer_apellido>
                <segundo_apellido>Navarro</segundo_apellido>
            </nombre_completo>
            <DNI>79453326L</DNI>
            <telefono>632085542</telefono>
            <puesto_de_trabajo>camarero</puesto_de_trabajo>
            <salario>1500euros</salario>
            <fecha_de_alta>
                <dia>7</dia>
                <mes>11</mes>
                <anio>2022</anio>
            </fecha_de_alta>
            <turno>comida</turno>
        </trabajador>
        <trabajador>
            <nombre_completo>
                <nombre>Albaro</nombre>
                <primer_apellido>Jimenez</primer_apellido>
                <segundo_apellido>Torres</segundo_apellido>
            </nombre_completo>
            <DNI>85846734M</DNI>
            <telefono>694462229</telefono>
            <puesto_de_trabajo>cocinero</puesto_de_trabajo>
            <salario>2000euros</salario>
            <fecha_de_alta>
                <dia>4</dia>
                <mes>12</mes>
                <anio>2022</anio>
            </fecha_de_alta>
            <turno>cena</turno>
        </trabajador>
    </tragajadores>
    <clientes xmlns="restaurante/clientes">
        <cliente>
            <nombre_completo>
                <nombre>María</nombre>
                <primer_apellido>López</primer_apellido>
                <segundo_apellido>Delgado</segundo_apellido>
            </nombre_completo>
            <DNI>67442398L</DNI>
            <telefono>643387776</telefono>
            <fecha_de_alta>
                <dia>9</dia>
                <mes>3</mes>
                <anio>2023</anio>
            </fecha_de_alta>
            <fecha_de_ultima_visita>
                <dia>10</dia>
                <mes>5</mes>
                <anio>2023</anio>
            </fecha_de_ultima_visita>
            <tipo_de_cliente>normal</tipo_de_cliente>
            <familiares_asociados xmlns="restaurante/asociados">
                <familiar>
                    <nombre_completo>
                        <nombre>Pablo</nombre>
                        <primer_apellido>Rosales</primer_apellido>
                        <segundo_apellido>Zurita</segundo_apellido>
                    </nombre_completo>
                    <DNI>76443832L</DNI>
                </familiar>
                <familiar>
                    <nombre_completo>
                        <nombre>Martina</nombre>
                        <primer_apellido>Sáez</primer_apellido>
                        <segundo_apellido>López</segundo_apellido>
                    </nombre_completo>
                    <DNI>87549877J</DNI>
                </familiar>
            </familiares_asociados>
        </cliente>
        <cliente>
            <nombre_completo>
                <nombre>Julián</nombre>
                <primer_apellido>Asenjo</primer_apellido>
                <segundo_apellido>García</segundo_apellido>
            </nombre_completo>
            <DNI>45663859V</DNI>
            <telefono>674432212</telefono>
            <fecha_de_alta>
                <dia>2</dia>
                <mes>5</mes>
                <anio>2023</anio>
            </fecha_de_alta>
            <fecha_de_ultima_visita>
                <dia>7</dia>
                <mes>6</mes>
                <anio>2023</anio>
            </fecha_de_ultima_visita>
            <tipo_de_cliente>premium</tipo_de_cliente>
            <familiares_asociados xmlns="restaurante/asociados">
                <familiar>
                    <nombre_completo>
                        <nombre>Antonio</nombre>
                        <primer_apellido>Román</primer_apellido>
                        <segundo_apellido>Moreno</segundo_apellido>
                    </nombre_completo>
                    <DNI>77552056N</DNI>
                </familiar>
                <familiar>
                    <nombre_completo>
                        <nombre>Anabel</nombre>
                        <primer_apellido>Pérez</primer_apellido>
                        <segundo_apellido>Castillo</segundo_apellido>
                    </nombre_completo>
                    <DNI>98675434K</DNI>
                </familiar>
            </familiares_asociados>
        </cliente>
    </clientes>
</restaurante>